合约代码,今开盘,最高价,最低价,成交量,成交金额,持仓量,持仓变化,今收盘,今结算,前结算,涨跌1,涨跌2,Delta
HO2606-C-2400,null,null,null,0,0,54,0,529.4,555.6,544.2,-14.8,11.4,0.9450
HO2606-C-2450,485,485,485,4,19.588,29,-2,485,505.6,494.4,-9.4,11.2,0.9410
HO2606-C-2500,436,457.8,431.6,77,339.326,104,7,457.8,456,444.6,13.2,11.4,0.9350
HO2606-C-2550,386.4,392.6,385.2,46,178.624,29,0,392.6,406.2,394.8,-2.2,11.4,0.9280
HO2606-C-2600,335.8,355.2,334.4,16,54.73,53,-3,355.2,356.6,345.4,9.8,11.2,0.9190
HO2606-C-2650,285.4,285.4,285.4,4,11.416,47,0,285.4,307.4,296.2,-10.8,11.2,0.9060
HO2606-C-2700,237.4,259.8,237.4,96,233.968,192,11,257.8,257.8,247.8,10,10,0.8920
HO2606-C-2750,188,213.2,188,57,112.226,186,2,209.6,210,201,8.6,9,0.8640
HO2606-C-2800,144,167,140.8,402,598.756,980,-64,162.8,163.2,154.2,8.6,9,0.8220
HO2606-C-2850,100.4,122.8,99.2,559,606.786,526,3,119.8,119.8,110,9.8,9.8,0.7500
HO2606-C-2900,70,83.8,64.2,1928,1370.718,1991,-10,80.8,80.8,75.4,5.4,5.4,0.6430
HO2606-C-2950,39.8,53,39,2781,1227.484,2234,-17,51.8,51.8,46,5.8,5.8,0.4990
HO2606-C-3000,25,32,22.2,3038,797.436,4426,66,31,31,27.8,3.2,3.2,0.3540
HO2606-C-3050,13.8,18.2,12.6,1282,191.66,3230,4,17.8,17.8,15.6,2.2,2.2,0.2320
HO2606-C-3100,8.2,11,5.6,827,75.618,4089,6,10.8,10.8,9.6,1.2,1.2,0.1510
HO2606-C-3150,3.6,6.8,3.6,437,24.796,2115,67,6.8,6.8,6.2,0.6,0.6,0.0980
HO2606-C-3200,3.8,5.2,3.8,514,23.992,1974,-41,4.8,4.8,4.4,0.4,0.4,0.0690
HO2606-C-3250,3,3.4,2.8,92,2.9,366,30,3.4,3.4,3.2,0.2,0.2,0.0500
HO2606-C-3300,2.8,3.2,2.4,268,7.558,1582,44,2.8,2.8,2.8,0,0,0.0380
HO2606-C-3350,2.4,2.6,2.2,79,1.856,284,-7,2.4,2.4,2.4,0,0,0.0320
HO2606-C-3400,2.4,2.4,1.8,57,1.212,1325,4,2.2,2.2,2.4,-0.2,-0.2,0.0270
HO2606-C-3500,1.8,2,1.6,145,2.656,2695,56,2,2,2,0,0,0.0220
HO2606-P-2400,1,1,0.6,71,0.532,721,-36,0.8,0.8,1,-0.2,-0.2,-0.0090
HO2606-P-2450,0.8,1,0.8,8,0.068,150,-6,1,1,1,0,0,-0.0120
HO2606-P-2500,1.2,1.2,1,17,0.192,278,5,1,1,1.2,-0.2,-0.2,-0.0140
HO2606-P-2550,1.4,1.4,1.2,58,0.722,168,-12,1.2,1,1.4,-0.2,-0.4,-0.0150
HO2606-P-2600,1.6,1.8,1.4,57,0.872,446,-6,1.4,1.4,1.8,-0.4,-0.4,-0.0200
HO2606-P-2650,2.8,2.8,2.2,220,5.372,644,63,2.2,2.2,2.6,-0.4,-0.4,-0.0320
HO2606-P-2700,4,4.2,3.2,218,8.152,1416,137,3.2,3.2,3.8,-0.6,-0.6,-0.0480
HO2606-P-2750,6.2,6.2,5,148,8,772,-40,5,5,5.8,-0.8,-0.8,-0.0760
HO2606-P-2800,10,11,8,740,70.768,1693,0,8.2,8.2,9.6,-1.4,-1.4,-0.1230
HO2606-P-2850,20.2,20.2,14,922,157.308,1929,219,15,14.6,16.8,-1.8,-2.2,-0.2060
HO2606-P-2900,32,35,25,1802,560.152,2895,45,27.2,27.2,30,-2.8,-2.8,-0.3380
HO2606-P-2950,55.2,59.2,44.2,2032,1075.55,1985,28,47.4,46.6,50.4,-3,-3.8,-0.5030
HO2606-P-3000,90.4,92.4,73,698,598.572,2428,-30,75.8,75.8,81.4,-5.6,-5.6,-0.6770
HO2606-P-3050,130.2,132.4,109.2,581,720.07,744,-21,112.2,112.2,120,-7.8,-7.8,-0.8310
HO2606-P-3100,175.6,177.6,152.6,239,402.312,1263,-47,155.8,155.8,164.6,-8.8,-8.8,-0.9340
HO2606-P-3150,220.4,221.4,198.6,23,50.376,169,1,198.6,208.8,211.6,-13,-2.8,-0.9090
HO2606-P-3200,266,271,249,55,143.842,332,-1,249.6,256.8,259.8,-10.2,-3,-0.9390
HO2606-P-3250,314.8,321.2,300,42,131.732,83,4,300,305.6,308.6,-8.6,-3,-0.9550
HO2606-P-3300,370.2,370.2,355.2,44,159.876,283,2,355.2,355.2,358.4,-3.2,-3.2,-0.9650
HO2606-P-3350,417.6,417.6,393.8,11,44.702,27,3,393.8,404.8,407.4,-13.6,-2.6,-0.9690
HO2606-P-3400,443.4,443.4,443.4,4,17.736,164,-4,443.4,454.8,457.2,-13.8,-2.4,-0.9720
HO2606-P-3500,565.8,565.8,559.4,6,33.842,214,0,559.4,555.2,556.8,2.6,-1.6,-0.9710
HO2607-C-2600,313.8,321,310.6,40,127.398,17,1,310.6,332.6,322,-11.4,10.6,0.8900
HO2607-C-2650,270.4,270.4,266.4,25,67.532,26,-2,268.8,285.8,275.2,-6.4,10.6,0.8650
HO2607-C-2700,230,235,218.8,12,26.94,49,7,235,239.8,230.8,4.2,9,0.8330
HO2607-C-2750,187.8,189,178,29,54.538,23,-5,180.8,197,191.2,-10.4,5.8,0.7840
HO2607-C-2800,141.2,159,136.2,26,37.518,77,7,159,156.6,148.4,10.6,8.2,0.7210
HO2607-C-2850,106.6,121.6,105.6,28,30.85,209,7,121.6,121.6,115.6,6,6,0.6400
HO2607-C-2900,78.2,91,76,336,271.472,274,43,90.6,91.8,85.2,5.4,6.6,0.5480
HO2607-C-2950,55.4,66,55.4,356,211.738,305,33,65,65,62.2,2.8,2.8,0.4490
HO2607-C-3000,42.6,48.4,39.4,345,150.05,475,49,47,47,45.2,1.8,1.8,0.3560
HO2607-C-3050,30.4,34.8,28.4,139,42.45,544,3,34.6,34.4,32.6,2,1.8,0.2780
HO2607-C-3100,23,25,21,284,64.66,524,-25,25,25.2,24.8,0.2,0.4,0.2140
HO2607-C-3150,18.8,18.8,15,176,29.906,342,-19,18.4,18.4,18.8,-0.4,-0.4,0.1640
HO2607-C-3200,12,12.4,11.4,13,1.532,190,9,12.4,13.6,14.4,-2,-0.8,0.1250
HO2607-C-3250,9.8,10,8.8,42,3.916,179,16,10,10,11.8,-1.8,-1.8,0.0950
HO2607-C-3300,9.6,10,6.8,197,15.582,172,-28,7.6,7.6,9.6,-2,-2,0.0730
HO2607-C-3350,8.2,8.2,6,8,0.63,133,0,6,5.8,7.8,-1.8,-2,0.0570
HO2607-C-3400,7.4,7.4,4.8,111,5.868,356,80,4.8,5,7.2,-2.4,-2.2,0.0480
HO2607-P-2600,5.8,6.8,5.8,11,0.712,482,8,6.8,6.4,6.4,0.4,0,-0.0630
HO2607-P-2650,10.4,10.4,9,117,11.33,284,36,9.6,9,9.4,0.2,-0.4,-0.0890
HO2607-P-2700,15,16.2,13.6,33,4.75,267,-4,15.8,13.6,14,1.8,-0.4,-0.1280
HO2607-P-2750,23,23.4,20,114,24.516,339,12,22.6,20.2,21.2,1.4,-1,-0.1820
HO2607-P-2800,33.4,34.2,29.2,88,28.334,390,17,29.4,29.4,32.2,-2.8,-2.8,-0.2510
HO2607-P-2850,49.4,50.6,43.6,108,52.368,301,-7,43.6,43.2,47.2,-3.6,-4,-0.3410
HO2607-P-2900,88.6,88.6,61.8,306,217.522,349,0,63.2,63.2,67.4,-4.2,-4.2,-0.4470
HO2607-P-2950,100,102,90.4,63,62.094,190,30,90.4,88.4,95.2,-4.8,-6.8,-0.5580
HO2607-P-3000,133.2,133.2,118.4,28,35.508,94,8,121.4,120.8,127.8,-6.4,-7,-0.6610
HO2607-P-3050,164.8,169.6,164.8,10,16.724,83,-5,169.6,157.8,166.8,2.8,-9,-0.7500
HO2607-P-3100,215.4,215.4,193.8,27,55.378,103,-2,193.8,198,207.8,-14,-9.8,-0.8250
HO2607-P-3150,259,259.4,252.8,39,99.32,54,3,258.2,239,252.6,5.6,-13.6,-0.9010
HO2607-P-3200,294.6,300.8,294.6,15,44.67,47,-3,300.8,284.4,297.4,3.4,-13,-0.9520
HO2607-P-3250,346.6,351,346.6,18,62.436,32,-3,351,340.8,344.2,6.8,-3.4,-0.9070
HO2607-P-3300,null,null,null,0,0,26,0,388.2,388.8,392,-3.8,-3.2,-0.9240
HO2607-P-3350,445.6,447,444,14,62.3,33,2,444,437.6,439.4,4.6,-1.8,-0.9370
HO2607-P-3400,502,502,490.6,11,54.456,57,11,490.6,486.8,488.4,2.2,-1.6,-0.9450
HO2608-C-2600,319.6,319.6,319.6,1,3.196,1,1,319.6,337.8,324.4,-4.8,13.4,0.8380
HO2608-C-2650,null,null,null,0,0,2,0,277,293.4,279.8,-2.8,13.6,0.8070
HO2608-C-2700,null,null,null,0,0,13,0,237.6,251.2,236.6,1,14.6,0.7690
HO2608-C-2750,195.2,199,194.4,7,13.7,9,4,199,210.8,196.8,2.2,14,0.7220
HO2608-C-2800,159.2,171.4,158.8,18,30.152,17,-4,171.4,173.6,160.6,10.8,13,0.6660
HO2608-C-2850,123.4,134,123.4,9,11.532,8,1,134,141,128.8,5.2,12.2,0.6000
HO2608-C-2900,null,null,null,0,0,11,0,99.8,112,102,-2.2,10,0.5290
HO2608-C-2950,79.8,83.6,79.8,53,42.95,87,36,81.8,89.2,79.6,2.2,9.6,0.4560
HO2608-C-3000,63.6,63.6,63.6,1,0.636,2,1,63.6,70,62.4,1.2,7.6,0.3860
HO2608-C-3050,54.4,54.4,54.4,1,0.544,1,1,54.4,54.4,48.8,5.6,5.6,0.3220
HO2608-C-3100,41,42.2,41,8,3.34,15,2,42.2,44,40,2.2,4,0.2690
HO2608-C-3150,33.8,34.4,33.4,35,11.872,60,-5,34.4,33.8,31,3.4,2.8,0.2190
HO2608-C-3200,null,null,null,0,0,18,0,26.2,26.8,26.2,0,0.6,0.1800
HO2608-C-3250,null,null,null,0,0,1,0,26,21.8,20.6,5.4,1.2,0.1490
HO2608-C-3300,null,null,null,0,0,14,0,17.6,17.8,17.2,0.4,0.6,0.1240
HO2608-P-2600,14.8,16,14.8,11,1.694,59,11,16,16,14.6,1.4,1.4,-0.1130
HO2608-P-2650,21.4,21.4,21.2,3,0.64,33,2,21.2,21.4,19.6,1.6,1.8,-0.1470
HO2608-P-2700,null,null,null,0,0,37,0,32.2,28.4,26.6,5.6,1.8,-0.1900
HO2608-P-2750,41,41,41,1,0.41,70,1,41,37.8,36.8,4.2,1,-0.2440
HO2608-P-2800,53.6,56,51,9,4.788,26,-2,51,50.8,50.8,0.2,0,-0.3100
HO2608-P-2850,74,76.6,72.8,5,3.71,31,2,73.6,67.6,69,4.6,-1.4,-0.3860
HO2608-P-2900,93.6,97,93.6,14,13.476,42,2,96.8,88.8,91,5.8,-2.2,-0.4680
HO2608-P-2950,127.2,130,113.6,11,13.422,29,-2,113.6,114.8,118.6,-5,-3.8,-0.5540
HO2608-P-3000,157.8,162.6,156.2,7,10.98,5,2,156.6,145.4,150.8,5.8,-5.4,-0.6360
HO2608-P-3050,190.8,198.8,190.8,4,7.746,6,2,192.8,179.8,187,5.8,-7.2,-0.7140
HO2608-P-3100,233,233,233,1,2.33,3,1,233,217.8,226.2,6.8,-8.4,-0.7820
HO2608-P-3150,null,null,null,0,0,2,0,301,258.2,269.4,31.6,-11.2,-0.8420
HO2608-P-3200,null,null,null,0,0,0,0,314.4,301.6,311.2,3.2,-9.6,-0.8890
HO2608-P-3250,null,null,null,0,0,0,0,356.6,346,356.4,0.2,-10.4,-0.9350
HO2608-P-3300,null,null,null,0,0,0,0,400.4,391.6,402.8,-2.4,-11.2,-0.9790
HO2609-C-2500,411.8,425,403.4,15,61.992,149,0,425,422.2,412.4,12.6,9.8,0.8790
HO2609-C-2600,315,333,315,12,39.008,468,-5,331.6,331.6,324.8,6.8,6.8,0.8310
HO2609-C-2700,242,253.4,240,9,21.972,356,4,253.4,254.2,249.4,4,4.8,0.7440
HO2609-C-2800,175,183,167.8,13,22.434,668,7,183,182.4,176.6,6.4,5.8,0.6420
HO2609-C-2900,117.4,125.4,114.4,114,137.612,943,58,125.4,130.6,121.8,3.6,8.8,0.5210
HO2609-C-3000,85.6,88,77.6,70,57.402,1292,7,86.4,89,85.8,0.6,3.2,0.4030
HO2609-C-3100,57,59,53,57,31.64,773,40,59,61,56.8,2.2,4.2,0.3020
HO2609-C-3200,37.4,42.4,36.8,19,7.462,978,2,42.4,41.6,38.6,3.8,3,0.2210
HO2609-C-3300,27.8,28,27.8,2,0.558,612,0,28,29,28,0,1,0.1620
HO2609-C-3400,20,21,19.8,27,5.556,1221,-3,21,21,20.2,0.8,0.8,0.1210
HO2609-C-3500,15.6,16.4,14.8,18,2.76,931,9,16.2,16,15.4,0.8,0.6,0.0920
HO2609-P-2500,10.8,10.8,10,44,4.64,915,1,10.2,10.2,10.8,-0.6,-0.6,-0.0720
HO2609-P-2600,21.4,21.4,21.4,1,0.214,955,0,21.4,20.4,20.4,1,0,-0.1310
HO2609-P-2700,40.4,41.8,38,20,7.984,621,-3,38,37,39.6,-1.6,-2.6,-0.2170
HO2609-P-2800,68.6,71.2,68.6,3,2.084,376,-3,71.2,68.4,70.8,0.4,-2.4,-0.3400
HO2609-P-2900,117,123,110.2,104,120.916,609,37,111,111,112.2,-1.2,-1.2,-0.4780
HO2609-P-3000,178,182,178,9,16.108,343,5,182,167.2,176.2,5.8,-9,-0.6190
HO2609-P-3100,251.8,260.8,247.8,50,125.842,288,28,251.2,241.6,249.8,1.4,-8.2,-0.7330
HO2609-P-3200,338.8,343.6,338.8,2,6.824,235,2,343.6,324.2,332.4,11.2,-8.2,-0.8200
HO2609-P-3300,425.2,425.2,424.2,3,12.746,195,0,425.2,411,419.8,5.4,-8.8,-0.8930
HO2609-P-3400,517.6,517.6,501.6,7,35.758,271,1,501.6,505.4,511.2,-9.6,-5.8,-0.9300
HO2609-P-3500,616.8,619.2,597.2,41,249.268,292,-1,597.2,596.8,605.6,-8.4,-8.8,-0.9930
HO2612-C-2500,null,null,null,0,0,63,0,409.6,424.8,418.8,-9.2,6,0.8280
HO2612-C-2600,337.8,337.8,337.8,1,3.378,134,1,337.8,344.4,339.6,-1.8,4.8,0.7670
HO2612-C-2700,260.4,264,258,5,13.176,199,-2,264,272,267.6,-3.6,4.4,0.6920
HO2612-C-2800,211.2,212,199.8,6,12.406,329,-1,212,212.4,208.8,3.2,3.6,0.6030
HO2612-C-2900,161,166,161,4,6.59,540,4,166,166,161.6,4.4,4.4,0.5120
HO2612-C-3000,121,128,117.2,116,143.896,1858,82,128,125.8,125,3,0.8,0.4250
HO2612-C-3100,90.2,91.2,89.6,27,24.442,587,23,89.6,95.8,95.2,-5.6,0.6,0.3460
HO2612-C-3200,70.8,74.2,70.4,14,10.156,444,1,74.2,74.8,73,1.2,1.8,0.2820
HO2612-C-3300,58.6,58.6,54.8,9,5.048,380,1,55.2,59,57.6,-2.4,1.4,0.2300
HO2612-C-3400,47.4,47.4,43.6,16,7.184,325,15,44.2,46.4,46.2,-2,0.2,0.1870
HO2612-C-3500,38.2,38.6,35.8,70,25.68,441,22,37.4,38.2,36.6,0.8,1.6,0.1550
HO2612-P-2500,25.2,26.8,25.2,11,2.856,911,-2,26.4,26.4,26.2,0.2,0.2,-0.1280
HO2612-P-2600,45,45,43,2,0.88,434,-2,43,43,45,-2,-2,-0.1930
HO2612-P-2700,72,72.4,69,11,7.806,749,-2,69,70.6,71.6,-2.6,-1,-0.2820
HO2612-P-2800,110.2,113.6,105.6,39,43.37,370,-11,108.6,108.6,108.4,0.2,0.2,-0.3820
HO2612-P-2900,169.8,170.4,156.6,17,28.186,749,-5,156.6,159.4,164,-7.4,-4.6,-0.4860
HO2612-P-3000,227,235.6,217.8,40,91.746,334,14,217.8,219.4,227.6,-9.8,-8.2,-0.5860
HO2612-P-3100,299.6,307,297.6,26,78.196,351,20,307,289.2,295.6,11.4,-6.4,-0.6740
HO2612-P-3200,376.6,386.6,364.8,12,44.636,241,-1,364.8,367.4,372.8,-8,-5.4,-0.7480
HO2612-P-3300,460,469.6,460,10,46.308,174,10,469.6,449.6,456,13.6,-6.4,-0.8110
HO2612-P-3400,547.2,557.2,547.2,6,33.146,144,6,557.2,537.2,544.2,13,-7,-0.8590
HO2612-P-3500,642,645.8,640.4,37,238.168,148,37,645.6,625.4,630.6,15,-5.2,-0.9070
HO2703-C-2500,null,null,null,0,0,74,0,425.6,437,428.2,-2.6,8.8,0.7790
HO2703-C-2600,348,357.4,342.2,12,41.618,81,-4,357.4,357.4,351.8,5.6,5.6,0.7260
HO2703-C-2700,285.2,285.2,285,2,5.702,40,1,285,296.2,290.8,-5.8,5.4,0.6550
HO2703-C-2800,null,null,null,0,0,39,0,231,240,235.4,-4.4,4.6,0.5810
HO2703-C-2900,null,null,null,0,0,103,0,187,192.6,189.6,-2.6,3,0.5060
HO2703-C-3000,146.4,152.2,146.4,13,19.202,52,-2,152.2,153.6,152.4,-0.2,1.2,0.4340
HO2703-C-3100,118.6,118.6,118.4,5,5.926,71,1,118.4,122,121.4,-3,0.6,0.3680
HO2703-C-3200,null,null,null,0,0,96,0,97.4,97.6,97.2,0.2,0.4,0.3090
HO2703-C-3300,null,null,null,0,0,66,0,76.6,78.2,78.8,-2.2,-0.6,0.2590
HO2703-C-3400,60.8,60.8,60,7,4.208,112,5,60,64,64.8,-4.8,-0.8,0.2180
HO2703-P-2500,39,41,39,8,3.23,763,-4,40.2,39.6,40.2,0,-0.6,-0.1610
HO2703-P-2600,65.2,65.6,63.6,8,5.182,466,2,65,63,66,-1,-3,-0.2310
HO2703-P-2700,null,null,null,0,0,166,0,98.8,95.6,98.4,0.4,-2.8,-0.3140
HO2703-P-2800,138,138,138,1,1.38,89,1,138,137.2,143,-5,-5.8,-0.4030
HO2703-P-2900,195.2,195.2,195.2,3,5.856,85,1,195.2,191.2,194.4,0.8,-3.2,-0.4930
HO2703-P-3000,256,258.4,249.4,5,12.792,30,0,249.4,247.4,257.2,-7.8,-9.8,-0.5820
HO2703-P-3100,325.2,325.6,325.2,2,6.508,44,-2,325.6,319.2,323.2,2.4,-4,-0.6570
HO2703-P-3200,null,null,null,0,0,25,0,378.8,387.8,397.6,-18.8,-9.8,-0.7380
HO2703-P-3300,null,null,null,0,0,7,0,503,466.4,476.2,26.8,-9.8,-0.8050
HO2703-P-3400,567.8,567.8,567.8,6,34.068,14,6,567.8,550.6,557.2,10.6,-6.6,-0.8610
小计,,,,25264,14209.876,80762,1196,,,,,,--
IC2606,8563.2,8576.6,8425,117245,19933647.84,154423,-1829,8565,8523,8581.4,-16.4,-58.4,--
IC2607,8496.2,8513,8365,6159,1039602.432,8339,1336,8504.2,8448,8522.4,-18.2,-74.4,--
IC2609,8380,8391.4,8250.2,44604,7424875.304,103170,4312,8382.6,8337.8,8408.8,-26.2,-71,--
IC2612,8228.4,8233.6,8089,13021,2126015.62,33328,713,8223.8,8181.2,8251.6,-27.8,-70.4,--
小计,,,,181029,30524141.196,299260,4532,,,,,,--
IF2606,4847,4902.4,4838,81237,11858034.24,138238,1953,4899.2,4881.2,4855.8,43.4,25.4,--
IF2607,4804.6,4858,4797.4,3033,439037.514,4932,714,4856.4,4833.6,4817.4,39,16.2,--
IF2609,4752,4806.2,4745.8,25423,3639777.264,85363,1246,4801,4783.2,4768,33,15.2,--
IF2612,4700,4747.6,4691.2,8010,1133463.906,26216,205,4743.4,4724.2,4713,30.4,11.2,--
小计,,,,117703,17070312.924,254749,4118,,,,,,--
IH2606,2938,2958.4,2928.2,37153,3276660.27,56070,-2504,2955.6,2946.8,2942.8,12.8,4,--
IH2607,2903.2,2928.8,2892.8,2461,214814.346,4219,228,2922.6,2918,2913.6,9,4.4,--
IH2609,2890,2912.8,2882,12310,1069460.85,38420,-71,2909,2900.6,2900.2,8.8,0.4,--
IH2612,2873.8,2896,2864.8,3471,299804.838,10193,-9,2891,2884.2,2883,8,1.2,--
小计,,,,55395,4860740.304,108902,-2356,,,,,,--
IM2606,8645,8645,8462.6,181186,30991319.5,220892,6390,8596,8547,8672.8,-76.8,-125.8,--
IM2607,8556.4,8572.6,8388,8506,1443222.044,12166,1545,8522.8,8474.2,8599.4,-76.6,-125.2,--
IM2609,8409.4,8417.6,8236.2,58145,9682699.196,134192,2389,8363.8,8315.6,8443.6,-79.8,-128,--
IM2612,8203.8,8216,8035,20513,3332354.028,59554,1223,8158.8,8114.8,8232.8,-74,-118,--
小计,,,,268350,45449594.768,426804,11547,,,,,,--
IO2606-C-3400,1451.8,1492,1446.4,44,642.222,150,-10,1492,1480.6,1455.4,36.6,25.2,0.9950
IO2606-C-3500,1357.8,1389.8,1339.6,45,611.254,143,6,1389.8,1380.6,1355.4,34.4,25.2,0.9950
IO2606-C-3600,1252,1278,1248.6,53,668.34,147,3,1257.4,1298.6,1256,1.4,42.6,0.9530
IO2606-C-3700,1152.4,1178.8,1147.8,45,522.11,166,7,1178.8,1180.6,1156.6,22.2,24,0.9950
IO2606-C-3800,1052.8,1092.6,1048.6,47,498.628,116,-1,1092.6,1080.8,1055.6,37,25.2,0.9940
IO2606-C-3900,952.8,978.6,943,51,487.1,128,2,949.2,1004.2,955.6,-6.4,48.6,0.9320
IO2606-C-3950,903,929.4,900.4,38,346.574,104,8,900.4,931,905.8,-5.4,25.2,0.9930
IO2606-C-4000,856,889.6,840.8,57,489.894,151,5,889.6,881,855.8,33.8,25.2,0.9920
IO2606-C-4050,806.2,843,791,69,558.53,82,7,843,831.2,806.8,36.2,24.4,0.9920
IO2606-C-4100,756.4,780.2,748,58,441.992,123,5,780.2,781.4,757.2,23,24.2,0.9900
IO2606-C-4150,713.2,727.4,691.8,27,191.714,76,3,727.4,750.4,707.8,19.6,42.6,0.9240
IO2606-C-4200,665.6,678,642.2,61,403.186,151,3,672.6,700.8,658.2,14.4,42.6,0.9200
IO2606-C-4250,608.2,641.2,597.4,73,447.104,67,1,641.2,651.4,608.8,32.4,42.6,0.9830
IO2606-C-4300,549.8,592,549.8,58,326.938,343,-2,592,602,559.4,32.6,42.6,0.9790
IO2606-C-4350,507.2,535.4,500.8,55,284.04,73,-1,535.4,553,511.2,24.2,41.8,0.9730
IO2606-C-4400,458.4,502.2,447,81,379.176,598,2,502.2,504,462.2,40,41.8,0.9640
IO2606-C-4450,416.8,450,404.2,66,277.892,227,1,449.2,455,417.6,31.6,37.4,0.8790
IO2606-C-4500,358,406.2,355,153,575.82,1073,-18,406.2,406.2,368,38.2,38.2,0.8670
IO2606-C-4550,316.4,359.2,306,305,992.482,341,-14,358,358,322.4,35.6,35.6,0.8500
IO2606-C-4600,269,316.4,260.8,890,2510.742,2021,-91,311,313,275,36,38,0.8220
IO2606-C-4650,223.2,272,217.8,1202,2834.466,601,-162,266.8,266.8,231.2,35.6,35.6,0.7930
IO2606-C-4700,186.4,228.8,177.8,1997,3966.81,3599,-231,225.2,225.2,191.6,33.6,33.6,0.7490
IO2606-C-4750,145.2,189.8,141.2,1913,3023.216,1128,125,185.2,185.2,155,30.2,30.2,0.6960
IO2606-C-4800,110,152.6,107.2,6279,7875.296,3784,112,149.8,149.8,120.6,29.2,29.2,0.6310
IO2606-C-4850,82,119.8,81.8,6926,6599.844,2412,-146,117,117,91,26,26,0.5590
IO2606-C-4900,67,92,60.6,13003,9408.006,5496,3,89.2,89.2,68.6,20.6,20.6,0.4790
IO2606-C-4950,45,69.4,44.4,6986,3807.098,4747,154,66,66,50.2,15.8,15.8,0.3970
IO2606-C-5000,32.8,51.8,29.2,9792,3829.848,9884,17,50.2,50.2,37.4,12.8,12.8,0.3240
IO2606-C-5100,17.2,27.8,16.4,4342,937.064,5355,188,27.2,27.2,19.6,7.6,7.6,0.2010
IO2606-C-5200,10.4,16.6,9.2,2861,353.3,5783,-104,16.6,16.6,12.2,4.4,4.4,0.1280
IO2606-C-5300,6.6,10.2,5.6,814,60.838,1639,-5,10.2,10.2,7.8,2.4,2.4,0.0810
IO2606-C-5400,5.8,7.4,4.8,1041,63.47,6769,-405,7.2,7.2,6.2,1,1,0.0570
IO2606-C-5500,3.6,4.8,3,625,24.858,2357,-89,4.8,4.8,4.2,0.6,0.6,0.0380
IO2606-P-3400,0.8,0.8,0.6,92,0.732,1659,-15,0.6,0.6,0.8,-0.2,-0.2,-0.0030
IO2606-P-3500,0.8,0.8,0.8,3,0.024,562,1,0.8,0.8,0.8,0,0,-0.0040
IO2606-P-3600,0.8,0.8,0.8,11,0.088,544,5,0.8,0.8,1,-0.2,-0.2,-0.0040
IO2606-P-3700,0.8,0.8,0.8,15,0.124,420,-6,0.8,0.8,1,-0.2,-0.2,-0.0050
IO2606-P-3800,0.8,1,0.8,63,0.536,896,1,0.8,0.8,1,-0.2,-0.2,-0.0050
IO2606-P-3900,1.2,1.2,1,55,0.61,365,3,1,1,1,0,0,-0.0070
IO2606-P-3950,1.2,1.2,1.2,21,0.252,280,-1,1.2,1.2,1.2,0,0,-0.0080
IO2606-P-4000,1.6,1.6,1.4,106,1.66,1350,15,1.4,1.2,1.4,0,-0.2,-0.0070
IO2606-P-4050,1.4,1.6,1.4,26,0.376,151,-6,1.6,1.2,1.4,0.2,-0.2,-0.0070
IO2606-P-4100,1.6,1.6,1.4,73,1.128,487,5,1.4,1.4,1.6,-0.2,-0.2,-0.0110
IO2606-P-4150,1.8,2,1.8,44,0.798,250,-3,2,1.6,1.8,0.2,-0.2,-0.0130
IO2606-P-4200,2.6,2.6,2.2,91,2.312,1330,5,2.2,2.2,2.4,-0.2,-0.2,-0.0170
IO2606-P-4250,2.6,2.8,2.4,75,1.944,357,9,2.4,2.2,2.6,-0.2,-0.4,-0.0190
IO2606-P-4300,3.2,3.4,2.8,163,5.124,1167,31,2.8,2.8,3.2,-0.4,-0.4,-0.0230
IO2606-P-4350,4,4.4,3.4,95,3.656,822,-16,3.6,3.4,4,-0.4,-0.6,-0.0290
IO2606-P-4400,5.8,5.8,4.2,371,18.938,2237,-7,4.2,4.2,5.2,-1,-1,-0.0360
IO2606-P-4450,6.8,7.8,5.6,269,17.864,1430,21,5.6,5.6,6.8,-1.2,-1.2,-0.0480
IO2606-P-4500,10.4,11,7.8,927,88.304,3322,111,7.8,7.8,9.8,-2,-2,-0.0650
IO2606-P-4550,13.6,14.6,10.2,611,76.292,2204,-10,10.2,10.2,12.4,-2.2,-2.2,-0.0850
IO2606-P-4600,18,20,14,1441,241.974,3505,135,14.2,14.2,16.8,-2.6,-2.6,-0.1150
IO2606-P-4650,25.8,27.2,18.8,1836,422.1,2313,181,19,19,22.6,-3.6,-3.6,-0.1520
IO2606-P-4700,34.8,37.4,26.2,4108,1288.6,4654,124,26.8,26.8,32,-5.2,-5.2,-0.2040
IO2606-P-4750,46.8,51,35.8,2916,1276.78,2230,-135,36.4,36.4,44.8,-8.4,-8.4,-0.2650
IO2606-P-4800,61,69.6,48.8,5874,3516.652,3402,216,49.4,49.4,61,-11.6,-11.6,-0.3410
IO2606-P-4850,86.8,92.4,66.4,6539,5180.764,2927,-179,67.4,67.4,81.2,-13.8,-13.8,-0.4310
IO2606-P-4900,115,121,88,4791,5033.122,4170,283,89.2,89.2,107.4,-18.2,-18.2,-0.5290
IO2606-P-4950,146.8,156.6,115.2,2086,2782.868,1649,113,118.4,118.4,140.2,-21.8,-21.8,-0.6270
IO2606-P-5000,185.8,190.8,147.2,985,1693.536,1415,94,152.6,152.6,179.6,-27,-27,-0.7170
IO2606-P-5100,263.8,274.8,225.2,360,899.028,486,-13,227.2,227.2,260.2,-33,-33,-0.8920
IO2606-P-5200,354.6,366.2,317.6,237,811.182,487,-14,317.6,332.8,355.4,-37.8,-22.6,-0.8810
IO2606-P-5300,450.8,456.4,426.8,58,256.364,105,2,442,426.8,448,-6,-21.2,-0.9270
IO2606-P-5400,547,554.8,511.8,64,342.658,351,-9,511.8,523.8,547.8,-36,-24,-0.9520
IO2606-P-5500,650,653.2,603,63,401.442,107,-6,603,622.2,645.8,-42.8,-23.6,-0.9650
IO2607-C-4250,580,584.6,570,9,52.182,42,4,584.6,617.6,578.8,5.8,38.8,0.8770
IO2607-C-4300,543.4,543.4,523.8,34,181.106,33,-7,537.6,570.2,530,7.6,40.2,0.8650
IO2607-C-4350,488.8,490.6,486.4,8,39.054,21,4,490.6,522.2,484.4,6.2,37.8,0.8530
IO2607-C-4400,440.2,444.2,440.2,7,30.978,27,0,444.2,477.2,438.2,6,39,0.8340
IO2607-C-4450,406.8,430.6,389.6,24,95.89,52,11,430.6,431.4,393.2,37.4,38.2,0.8150
IO2607-C-4500,352.6,386.6,352.6,9,32.358,38,-1,386.6,387.4,349.6,37,37.8,0.7920
IO2607-C-4550,315.2,334,299.2,38,117.882,39,5,334,344.6,307.8,26.2,36.8,0.7640
IO2607-C-4600,269.4,303.2,255.4,59,158.794,76,-3,303.2,303.6,266.8,36.4,36.8,0.7310
IO2607-C-4650,238.2,263,223.6,298,696.966,78,-13,263,264.2,231,32,33.2,0.6940
IO2607-C-4700,196.8,230,192.8,101,205.866,129,27,230,227.2,197.2,32.8,30,0.6510
IO2607-C-4750,156.4,192.6,156.4,285,491.34,183,58,192.6,195.2,166.6,26,28.6,0.6020
IO2607-C-4800,139.2,163.4,129.6,264,378.468,628,-5,163,163,141.8,21.2,21.2,0.5510
IO2607-C-4850,114,138.8,108.8,219,268.958,321,33,137.4,137.4,117.2,20.2,20.2,0.4960
IO2607-C-4900,95,115.8,89.6,386,383.598,468,60,114.2,114.2,97.2,17,17,0.4410
IO2607-C-4950,78.6,96.4,72,235,190.514,319,37,93.8,93.8,79.2,14.6,14.6,0.3880
IO2607-C-5000,66.6,78.4,58,667,429.356,1361,56,77,77,66.6,10.4,10.4,0.3370
IO2607-C-5100,44,51.2,38,322,137.99,1195,134,50,50.6,44,6,6.6,0.2460
IO2607-C-5200,28.6,33.4,25.4,599,172.452,1129,183,33,33,30.4,2.6,2.6,0.1750
IO2607-C-5300,20,23.2,17.2,268,53.53,602,109,22,22.6,21.2,0.8,1.4,0.1250
IO2607-C-5400,15,15.8,12,251,35.132,247,-5,15.8,15,15.6,0.2,-0.6,0.0880
IO2607-C-5500,11.4,11.8,8.8,459,46.692,630,-47,11,11,12.2,-1.2,-1.2,0.0650
IO2607-P-4250,10.8,12,9.8,354,38.488,1228,-18,9.8,9.8,10.2,-0.4,-0.4,-0.0560
IO2607-P-4300,13,14,12.4,108,14.32,484,27,13.2,12.2,12.8,0.4,-0.6,-0.0690
IO2607-P-4350,15.2,17.6,15.2,80,12.892,509,5,15.4,14.8,15.8,-0.4,-1,-0.0830
IO2607-P-4400,21.2,22,18.6,213,43.802,1038,29,18.6,18.4,20.2,-1.6,-1.8,-0.1020
IO2607-P-4450,24,27,22.8,244,60.64,987,-6,23.6,22.6,25.6,-2,-3,-0.1240
IO2607-P-4500,30,34,28.2,237,74.396,1095,74,28.4,28.6,31.8,-3.4,-3.2,-0.1520
IO2607-P-4550,38.8,42.6,35.4,114,44.488,623,24,35.4,34.8,37.8,-2.4,-3,-0.1830
IO2607-P-4600,47.8,53.4,43.8,142,68.792,412,23,43.8,43.8,47.6,-3.8,-3.8,-0.2230
IO2607-P-4650,62.8,66.8,55,291,175.544,381,42,55.6,55.2,60,-4.4,-4.8,-0.2700
IO2607-P-4700,78,83.2,68.2,335,250.776,621,81,68.8,68.8,76,-7.2,-7.2,-0.3220
IO2607-P-4750,97.4,101.6,84,291,270.186,377,46,85.6,85.6,94.2,-8.6,-8.6,-0.3800
IO2607-P-4800,118.2,125.6,104.2,359,412.628,352,77,105.4,105.4,115.2,-9.8,-9.8,-0.4430
IO2607-P-4850,139,149.4,128,73,100.308,132,17,128.2,126.4,142.4,-14.2,-16,-0.5090
IO2607-P-4900,173.8,181,152.2,96,165.008,95,4,153.2,153.2,174.8,-21.6,-21.6,-0.5760
IO2607-P-4950,201.2,207.8,190,19,38.302,66,7,190,183.4,207.4,-17.4,-24,-0.6430
IO2607-P-5000,243.2,255.6,217.6,77,184.808,73,5,217.6,216.2,243,-25.4,-26.8,-0.7070
IO2607-P-5100,318.2,322.6,290.8,18,56.576,67,4,290.8,289.4,321.4,-30.6,-32,-0.8270
IO2607-P-5200,422.2,422.2,403.8,7,29.37,39,7,403.8,371.8,407.6,-3.8,-35.8,-0.9340
IO2607-P-5300,494,513.8,494,39,195.83,49,8,495.2,486.6,503.2,-8,-16.6,-0.8770
IO2607-P-5400,585.4,590.2,585.4,6,35.392,27,0,590.2,581.4,594,-3.8,-12.6,-0.9060
IO2607-P-5500,689.6,689.6,681.6,13,89.416,28,5,681.6,678.4,689.6,-8,-11.2,-0.9240
IO2608-C-4300,524.6,528.8,524.6,11,57.898,12,11,528.8,560,527.6,1.2,32.4,0.8290
IO2608-C-4350,485.6,485.6,485.6,1,4.856,28,1,485.6,516.2,481.4,4.2,34.8,0.8110
IO2608-C-4400,null,null,null,0,0,15,0,477,472.8,439,38,33.8,0.7910
IO2608-C-4450,null,null,null,0,0,16,0,377.6,431,398,-20.4,33,0.7670
IO2608-C-4500,null,null,null,0,0,5,0,322.2,390.8,358.4,-36.2,32.4,0.7400
IO2608-C-4550,null,null,null,0,0,9,0,269.8,352.2,320.6,-50.8,31.6,0.7110
IO2608-C-4600,294.8,294.8,283.8,3,8.638,9,-1,283.8,315.8,285.2,-1.4,30.6,0.6780
IO2608-C-4650,260.6,263,252.4,3,7.76,42,0,263,281.4,254.2,8.8,27.2,0.6420
IO2608-C-4700,226.6,226.6,216.2,7,15.598,14,1,216.2,249.8,221.6,-5.4,28.2,0.6040
IO2608-C-4750,196,203,186,24,47.538,64,3,198.4,220,193.8,4.6,26.2,0.5640
IO2608-C-4800,167.6,189.2,164.2,20,34.642,62,-2,188.6,192.6,168.6,20,24,0.5230
IO2608-C-4850,145.6,169.4,145.6,98,148.308,196,13,169.4,169.4,146,23.4,23.4,0.4810
IO2608-C-4900,134,134.6,127.8,18,23.702,89,8,127.8,145.8,126.2,1.6,19.6,0.4390
IO2608-C-4950,109.6,127.2,109.6,15,16.884,40,3,127.2,127.2,108.2,19,19,0.3990
IO2608-C-5000,94,108,92,33,32.666,40,-1,108,108.8,93.8,14.2,15,0.3590
IO2608-C-5100,69.8,81.6,66.6,69,48.368,96,55,81.4,80.8,69.4,12,11.4,0.2880
IO2608-C-5200,52.2,61,47.6,223,115.546,329,180,61,61.8,54,7,7.8,0.2310
IO2608-C-5300,41.2,46.8,38,59,24.75,59,20,46.8,46.4,39.8,7,6.6,0.1820
IO2608-C-5400,27.8,35,27.8,14,4.254,71,3,35,34.6,30.8,4.2,3.8,0.1420
IO2608-C-5500,24.6,24.6,22.4,10,2.366,10,10,22.4,26.6,21.8,0.6,4.8,0.1120
IO2608-P-4300,33.8,34.8,32.2,177,60.164,249,112,32.2,30.8,36,-3.8,-5.2,-0.1240
IO2608-P-4350,41,42,36.4,185,75.776,488,117,36.4,36.6,41.8,-5.4,-5.2,-0.1440
IO2608-P-4400,46.6,46.6,42,7,3.242,10,1,42,42,49,-7,-7,-0.1650
IO2608-P-4450,null,null,null,0,0,32,0,58,51,57.8,0.2,-6.8,-0.1940
IO2608-P-4500,null,null,null,0,0,25,0,69.8,61.6,68,1.8,-6.4,-0.2260
IO2608-P-4550,78,78,78,3,2.34,40,1,78,71.8,78,0,-6.2,-0.2590
IO2608-P-4600,94.6,96.4,89.2,37,34.666,73,7,95.2,85,95,0.2,-10,-0.2960
IO2608-P-4650,113,113.4,108.8,7,7.79,103,0,112.4,101,110.2,2.2,-9.2,-0.3380
IO2608-P-4700,124,133.8,119,48,62.282,95,26,119,118,130.8,-11.8,-12.8,-0.3820
IO2608-P-4750,149.4,158,140,27,40.39,133,17,140,138,152.6,-12.6,-14.6,-0.4280
IO2608-P-4800,173.8,181.6,163.8,22,38.892,31,6,163.8,160.6,177,-13.2,-16.4,-0.4760
IO2608-P-4850,206.4,206.4,206.4,6,12.384,19,6,206.4,185.6,204,2.4,-18.4,-0.5250
IO2608-P-4900,235.6,236.2,225.8,20,46.758,13,6,232.8,213.2,234.2,-1.4,-21,-0.5730
IO2608-P-4950,270.6,270.6,249.2,17,44.8,11,3,249.2,243.4,265,-15.8,-21.6,-0.6210
IO2608-P-5000,285.8,285.8,285.8,1,2.858,12,1,285.8,275.8,301,-15.2,-25.2,-0.6680
IO2608-P-5100,null,null,null,0,0,11,0,421.8,347,376,45.8,-29,-0.7540
IO2608-P-5200,459,459,423.6,6,27.138,11,-1,423.6,425.6,457.4,-33.8,-31.8,-0.8290
IO2608-P-5300,538.6,538.6,538.6,3,16.158,16,3,538.6,510.2,545,-6.4,-34.8,-0.8930
IO2608-P-5400,635,635,628.6,10,63.442,18,4,628.6,598.8,635.2,-6.6,-36.4,-0.9490
IO2608-P-5500,null,null,null,0,0,0,0,725.2,722.6,725.2,0,-2.6,-0.8750
IO2609-C-3900,878.8,910.2,878.2,25,221.592,84,-4,910.2,916.6,884.8,25.4,31.8,0.9470
IO2609-C-4000,790,820.2,777.2,56,448.282,372,-24,817.8,822,794,23.8,28,0.9310
IO2609-C-4100,701.2,701.2,677,30,208.592,158,-1,698,729.2,696.8,1.2,32.4,0.8650
IO2609-C-4200,610.8,637,596.4,14,85.29,402,0,637,639.4,607.4,29.6,32,0.8380
IO2609-C-4300,516.8,538,510,21,109.74,236,-9,538,550.8,521,17,29.8,0.8060
IO2609-C-4400,431.8,469.4,426.2,24,105.776,533,3,469.4,469.6,443.6,25.8,26,0.7620
IO2609-C-4500,368.8,390.8,355.2,71,261.958,1665,19,390.8,389.4,364.8,26,24.6,0.7120
IO2609-C-4600,298.4,323,291,49,148.77,912,-6,323,323.6,299.8,23.2,23.8,0.6490
IO2609-C-4700,236,261.8,235,132,324.462,898,-11,261.8,266,243.6,18.2,22.4,0.5800
IO2609-C-4800,191.8,213.6,182.6,147,284.892,1190,-43,213.4,213.4,192.6,20.8,20.8,0.5090
IO2609-C-4900,153.4,170.2,147.8,127,196.304,920,21,170.2,170.2,155.4,14.8,14.8,0.4390
IO2609-C-5000,122.2,136,116,258,318.65,1669,-3,136,136,124.6,11.4,11.4,0.3730
IO2609-C-5200,76.2,88.6,74.4,214,168.792,3672,-4,86,86.4,80.2,5.8,6.2,0.2620
IO2609-C-5400,51.8,57.8,47.4,176,90.792,4228,-35,56.8,56.8,51.8,5,5,0.1830
IO2609-C-5600,34.8,38.8,32.4,173,60.164,490,18,38,38,36,2,2,0.1280
IO2609-P-3900,13.8,14.2,13,20,2.682,429,1,13.2,13.2,13.6,-0.4,-0.4,-0.0490
IO2609-P-4000,18.6,19.6,16.8,67,12.426,1407,-23,16.8,17.4,18.2,-1.4,-0.8,-0.0650
IO2609-P-4100,25.6,25.6,24.2,19,4.794,649,-1,24.8,23.8,26.6,-1.8,-2.8,-0.0870
IO2609-P-4200,35,36.8,33,32,11.198,514,-10,33,33.4,35.4,-2.4,-2,-0.1170
IO2609-P-4300,48.4,50.8,44.6,75,35.888,555,-15,44.6,44.6,47.8,-3.2,-3.2,-0.1540
IO2609-P-4400,66,70.2,62.6,83,55.984,875,0,62.6,63.8,66.6,-4,-2.8,-0.2060
IO2609-P-4500,96,99.2,86.4,150,138.604,1046,-18,86.8,86.8,91.8,-5,-5,-0.2650
IO2609-P-4600,124.8,130,114.8,80,98.112,645,15,115.2,119.4,122.4,-7.2,-3,-0.3350
IO2609-P-4700,168.4,176.8,156.2,42,69.998,336,15,156.2,156.2,166.2,-10,-10,-0.4110
IO2609-P-4800,223.8,227.8,204.4,54,116.62,644,38,205.6,203.4,216,-10.4,-12.6,-0.4910
IO2609-P-4900,274.8,289.2,262,51,141.196,598,22,262.2,259.4,274,-11.8,-14.6,-0.5710
IO2609-P-5000,342.8,348.8,328,33,113.506,459,0,328,325.4,345.4,-17.4,-20,-0.6460
IO2609-P-5200,496.2,502.4,485.6,41,202.896,226,-2,493.6,475.4,500,-6.4,-24.6,-0.7730
IO2609-P-5400,668.4,673.6,668.4,5,33.586,423,0,673.6,643.8,673.6,0,-29.8,-0.8680
IO2609-P-5600,847.4,871.8,847.4,13,111.768,44,12,871.8,823.6,855.4,16.4,-31.8,-0.9400
IO2612-C-3900,null,null,null,0,0,199,0,797,884.2,852.8,-55.8,31.4,0.8580
IO2612-C-4000,776,781.6,762,9,69.452,122,5,762,796.8,766,-4,30.8,0.8340
IO2612-C-4100,691.2,714.6,671.8,14,98.016,270,1,714.6,713,682.6,32,30.4,0.8060
IO2612-C-4200,null,null,null,0,0,157,0,609,645.6,609,0,36.6,0.7630
IO2612-C-4300,536.4,552.6,536.4,10,54.788,235,10,552.6,555.8,526,26.6,29.8,0.7340
IO2612-C-4400,454,468.6,450,11,50.512,398,-7,450,477.6,457.4,-7.4,20.2,0.6940
IO2612-C-4500,391,404.6,390,59,235.238,736,29,398.4,417,393.8,4.6,23.2,0.6440
IO2612-C-4600,341.8,361.4,335,213,734.174,538,8,361.4,361.4,341.4,20,20,0.5930
IO2612-C-4700,290.2,302,283.2,209,603.992,685,-109,302,306,288.4,13.6,17.6,0.5400
IO2612-C-4800,246.4,262.6,240,30,73.964,441,3,262.6,262.6,244.2,18.4,18.4,0.4880
IO2612-C-4900,204.8,216.6,204.2,46,95.73,252,6,216.6,222.6,205.8,10.8,16.8,0.4370
IO2612-C-5000,174,181,171.6,37,65.112,462,7,176.6,188.8,173.8,2.8,15,0.3880
IO2612-C-5200,127.2,138.4,125.8,34,43.836,697,4,138.4,134.6,125.2,13.2,9.4,0.3010
IO2612-C-5400,91,101,89.8,110,105.476,1218,0,100,100,92.8,7.2,7.2,0.2340
IO2612-C-5600,67,74.8,66.4,42,30.028,330,-19,73,73,66.2,6.8,6.8,0.1800
IO2612-P-3900,34.8,35.6,33.2,30,10.242,678,4,35.6,33.6,33.4,2.2,0.2,-0.0930
IO2612-P-4000,47,47,45.2,5,2.324,259,4,45.2,45.2,45.6,-0.4,-0.4,-0.1200
IO2612-P-4100,61.6,64.6,58.2,24,14.776,1144,-10,60.6,60.6,61.8,-1.2,-1.2,-0.1530
IO2612-P-4200,80.2,84.4,78.2,57,45.43,561,17,78.4,78.4,79.8,-1.4,-1.4,-0.1900
IO2612-P-4300,105.2,107.4,99.2,66,67.784,641,28,101.8,101.8,105,-3.2,-3.2,-0.2340
IO2612-P-4400,130.6,137.4,130.6,25,33.678,674,-4,136.2,127.6,132.8,3.4,-5.2,-0.2820
IO2612-P-4500,166.6,171.6,162.2,18,30.174,705,-6,162.2,160.8,168,-5.8,-7.2,-0.3360
IO2612-P-4600,206.8,215.2,204.4,72,149.92,765,-8,208.6,199.8,211.2,-2.6,-11.4,-0.3940
IO2612-P-4700,257.6,263,246.8,42,107.436,365,3,246.8,245.6,258.8,-12,-13.2,-0.4540
IO2612-P-4800,310.8,318,299.4,47,145.604,226,6,301.6,298.8,314.2,-12.6,-15.4,-0.5150
IO2612-P-4900,369.4,377.8,362.4,18,66.642,152,-6,362.4,358.2,375.6,-13.2,-17.4,-0.5730
IO2612-P-5000,435.2,451.6,433.2,10,44.144,194,-3,451.6,423.8,442.6,9,-18.8,-0.6290
IO2612-P-5200,null,null,null,0,0,233,0,600,569.8,590.4,9.6,-20.6,-0.7290
IO2612-P-5400,747.2,747.2,730.2,13,96.766,381,-9,730.2,730.4,754.4,-24.2,-24,-0.8110
IO2612-P-5600,912.8,933.8,901.2,30,275.62,81,-3,904.8,901.6,927.8,-23,-26.2,-0.8790
IO2703-C-3900,865.8,889,859.2,23,200.622,291,4,889,897.6,866.2,22.8,31.4,0.7930
IO2703-C-4000,794.6,808.8,777,20,157.64,169,-1,808.8,815,784.4,24.4,30.6,0.7700
IO2703-C-4100,701.2,705.2,699,13,91.37,94,-3,701.6,735.8,704.8,-3.2,31,0.7430
IO2703-C-4200,623.8,637.8,623.8,6,37.936,88,0,637.8,661,631.4,6.4,29.6,0.7120
IO2703-C-4300,554.2,571,554.2,23,129.27,109,5,563,589.8,560.6,2.4,29.2,0.6780
IO2703-C-4400,524.8,524.8,524.8,1,5.248,221,0,524.8,523.8,496.4,28.4,27.4,0.6410
IO2703-C-4500,435.2,443.6,430.2,8,35.004,279,-2,441,462,438.4,2.6,23.6,0.6020
IO2703-C-4600,377.6,395.4,377.6,18,68.518,156,-2,395.4,405.8,380.6,14.8,25.2,0.5620
IO2703-C-4700,328.8,328.8,328.8,1,3.288,118,0,328.8,354.6,332.2,-3.4,22.4,0.5200
IO2703-C-4800,286.6,310.2,285.6,19,55.654,185,10,310.2,312.2,288.8,21.4,23.4,0.4780
IO2703-C-4900,247.6,257.8,247.6,5,12.67,110,0,256.2,268.6,252.8,3.4,15.8,0.4360
IO2703-C-5000,219.6,235.2,219.6,9,20.138,186,3,235.2,234.2,218.2,17,16,0.3960
IO2703-C-5200,168,173,168,7,12.06,345,-7,173,176.4,163.6,9.4,12.8,0.3230
IO2703-C-5400,127.4,133,117.4,41,52.45,220,-2,133,131,123.8,9.2,7.2,0.2580
IO2703-C-5600,96.4,98.8,89.6,27,25.76,200,7,96.6,102,96.8,-0.2,5.2,0.2090
IO2703-P-3900,61.4,62.8,60.8,11,6.786,596,-5,60.8,60,60.4,0.4,-0.4,-0.1330
IO2703-P-4000,77.4,81.6,77.4,21,16.592,238,2,77.4,75.4,78,-0.6,-2.6,-0.1630
IO2703-P-4100,96.4,98.4,94,37,35.616,759,24,94,93.8,98.2,-4.2,-4.4,-0.1960
IO2703-P-4200,122.2,122.6,121.2,12,14.61,180,4,122,117.6,121.2,0.8,-3.6,-0.2360
IO2703-P-4300,149.2,149.2,145.2,10,14.72,119,2,145.2,144.4,149.2,-4,-4.8,-0.2780
IO2703-P-4400,180,184,180,14,25.484,316,-4,181.8,176.4,182,-0.2,-5.6,-0.3250
IO2703-P-4500,220.4,225.8,220.4,6,13.274,181,-1,225.8,213.4,220.2,5.6,-6.8,-0.3760
IO2703-P-4600,261,266.6,261,6,15.828,175,0,266.6,255.2,264.4,2.2,-9.2,-0.4280
IO2703-P-4700,317.6,317.6,305.6,15,46.838,83,-1,305.6,302,313,-7.4,-11,-0.4830
IO2703-P-4800,369.8,376.8,361,44,162.24,240,-14,376.8,357.4,367.6,9.2,-10.2,-0.5370
IO2703-P-4900,428.2,431,422.8,19,80.956,93,-1,430,413.2,429.4,0.6,-16.2,-0.5930
IO2703-P-5000,487.4,487.4,487.4,1,4.874,77,0,487.4,477.4,493.2,-5.8,-15.8,-0.6460
IO2703-P-5200,624,624,623.6,5,31.448,162,-2,623.6,615.4,636.8,-13.2,-21.4,-0.7490
IO2703-P-5400,801.4,801.4,782.2,10,79.384,177,-6,782.2,768.6,793.8,-11.6,-25.2,-0.8460
IO2703-P-5600,966,969.8,954,44,422.556,131,28,964.6,933.2,960.4,4.2,-27.2,-0.9430
小计,,,,107407,95914.612,172741,1966,,,,,,--
MO2606-C-5200,3422.6,3422.6,3366.8,6,204.088,213,4,3392,3344.6,3469.4,-77.4,-124.8,0.9970
MO2606-C-5400,3214,3214,3107.6,33,1047.936,112,1,3155,3144.6,3270.4,-115.4,-125.8,0.9970
MO2606-C-5600,2961.4,2962.4,2892.2,20,591.134,219,-3,2929.6,2991.2,3071.2,-141.6,-80,0.9540
MO2606-C-5800,2780,2780,2735.2,20,550.814,157,-2,2735.2,2791.8,2871,-135.8,-79.2,0.9510
MO2606-C-6000,2622.6,2622.6,2529.6,24,623.598,258,-6,2529.6,2545.4,2671.2,-141.6,-125.8,0.9960
MO2606-C-6200,2387.4,2387.4,2341.2,47,1130.782,256,-10,2352,2345.8,2471.6,-119.6,-125.8,0.9950
MO2606-C-6400,2223.2,2223.2,2093,81,1782.06,285,-11,2174.6,2192.2,2272,-97.4,-79.8,0.9390
MO2606-C-6600,2030.4,2030.4,1893.6,85,1680.518,380,6,1923.8,1993.8,2072.6,-148.8,-78.8,0.9330
MO2606-C-6700,1924.2,1924.2,1809.2,81,1535.834,59,7,1879.8,1896.4,1976.2,-96.4,-79.8,0.9280
MO2606-C-6800,1818.2,1826.2,1695.8,95,1693.472,576,0,1780.8,1797,1878,-97.2,-81,0.9240
MO2606-C-6900,1721,1721,1595.4,98,1633.444,362,-2,1672.2,1648,1778.4,-106.2,-130.4,0.9890
MO2606-C-7000,1617.8,1617.8,1478.8,89,1412.746,547,-1,1590,1548.6,1674.6,-84.6,-126,0.9870
MO2606-C-7100,1524.4,1524.4,1397.2,76,1109.104,275,-3,1419.8,1498,1575.4,-155.6,-77.4,0.9120
MO2606-C-7200,1424,1424,1294.4,128,1759.572,877,4,1346.8,1398.4,1476.4,-129.6,-78,0.9070
MO2606-C-7300,1320.8,1320.8,1195.4,138,1753.394,141,-6,1285.8,1301.4,1377.6,-91.8,-76.2,0.8990
MO2606-C-7400,1231.8,1231.8,1087.2,152,1765.696,1248,-7,1205.6,1202.8,1279.4,-73.8,-76.6,0.9680
MO2606-C-7500,1142,1142,1004.8,161,1722.616,347,-10,1095,1105.2,1185.4,-90.4,-80.2,0.9580
MO2606-C-7600,1032.4,1044,892,179,1714.926,1448,-14,991.6,1009.8,1093.6,-102,-83.8,0.8690
MO2606-C-7700,944.2,944.2,815,144,1266.8,955,9,918,918,995.6,-77.6,-77.6,0.8510
MO2606-C-7800,852.6,852.6,723.4,150,1182.738,3347,4,829,824,902,-73,-78,0.9070
MO2606-C-7900,764.6,769.6,636,378,2747.81,3787,139,731.6,732,811.4,-79.8,-79.4,0.8790
MO2606-C-8000,713,713,541.6,1551,9625.374,10149,517,647.6,647.6,722,-74.4,-74.4,0.7800
MO2606-C-8100,591.4,594,464.4,611,3257.62,1023,10,557,557,626,-69,-69,0.7510
MO2606-C-8200,520,531,389,1877,8621.376,3730,41,476.2,476.2,540,-63.8,-63.8,0.7100
MO2606-C-8300,443.6,443.6,321.8,2048,7849.728,2399,146,406.4,406.4,468.4,-62,-62,0.6590
MO2606-C-8400,367.2,367.6,261.8,4297,13450.938,4902,-108,334.2,334.2,390.2,-56,-56,0.6050
MO2606-C-8500,299.8,308.2,209.8,9938,25035.934,3331,512,279.2,279.2,322.2,-43,-43,0.5440
MO2606-C-8600,237.2,250.6,165,18963,38349.648,7717,885,224,224,260.8,-36.8,-36.8,0.4800
MO2606-C-8700,205,205,127.4,21982,35277.926,9259,886,175.6,175.6,211,-35.4,-35.4,0.4150
MO2606-C-8800,151,157.8,99.2,25463,31799.996,11843,1034,136,136,169.6,-33.6,-33.6,0.3510
MO2606-C-8900,120,120,74.4,10778,10372.806,6554,592,103.4,103.4,131,-27.6,-27.6,0.2900
MO2606-C-9000,90,92,56.8,22122,16210.132,14246,1699,79,79,100.8,-21.8,-21.8,0.2370
MO2606-C-9100,66,69.8,42,5802,3154.014,5533,530,59.2,59.2,75.6,-16.4,-16.4,0.1890
MO2606-C-9200,52,52,31.2,7621,3121.06,8875,495,44.2,44.2,57.4,-13.2,-13.2,0.1500
MO2606-C-9300,37.8,38.6,22.6,3915,1163.59,3537,-52,33,33,41.8,-8.8,-8.8,0.1170
MO2606-C-9400,26.8,27.4,16,4071,857.536,5188,431,22.8,22.8,30,-7.2,-7.2,0.0870
MO2606-C-9500,19.8,19.8,11.2,3489,534.05,4424,666,16.4,16.4,22.4,-6,-6,0.0660
MO2606-C-9600,14.8,14.8,8.6,3938,433.802,6270,419,12,12,16,-4,-4,0.0500
MO2606-C-9700,10.4,10.6,6.4,2312,191.144,3036,113,9,9,11.6,-2.6,-2.6,0.0380
MO2606-C-9800,7.2,7.4,4.8,2208,133.072,3921,14,6.2,6.2,8.2,-2,-2,0.0280
MO2606-C-9900,5.2,6,3.8,2589,124.422,4978,-79,5,5,6.4,-1.4,-1.4,0.0220
MO2606-P-5200,1,1,0.8,37,0.35,2532,-33,0.8,0.8,1,-0.2,-0.2,-0.0020
MO2606-P-5400,1.4,1.4,1.2,24,0.298,922,-5,1.2,1.2,1.4,-0.2,-0.2,-0.0030
MO2606-P-5600,1.6,1.6,1.4,71,1.082,1315,-23,1.4,1.4,1.4,0,0,-0.0030
MO2606-P-5800,1.4,1.4,1.4,4,0.056,1479,-1,1.4,1.4,1.4,0,0,-0.0030
MO2606-P-6000,1.6,1.6,1.4,23,0.352,1317,-9,1.4,1.4,1.4,0,0,-0.0030
MO2606-P-6200,1.2,1.4,1.2,18,0.22,1110,4,1.2,1.4,1.4,-0.2,0,-0.0040
MO2606-P-6400,1.8,1.8,1.6,34,0.552,1385,-14,1.6,1.6,1.6,0,0,-0.0050
MO2606-P-6600,1.4,2,1.2,185,2.812,1202,-84,1.6,1.6,1.8,-0.2,-0.2,-0.0050
MO2606-P-6700,1.6,2,1.4,102,1.732,568,-38,1.8,1.8,1.8,0,0,-0.0060
MO2606-P-6800,2.6,2.8,2.4,154,4.1,1898,-12,2.4,2.4,2.2,0.2,0.2,-0.0080
MO2606-P-6900,2.2,2.8,2,192,4.606,637,14,2.4,2.4,2.6,-0.2,-0.2,-0.0090
MO2606-P-7000,3.2,4.2,2.8,750,26.092,3158,47,3.2,3.2,3,0.2,0.2,-0.0120
MO2606-P-7100,3.6,4.4,3,592,21.606,845,36,3.6,3.6,3,0.6,0.6,-0.0140
MO2606-P-7200,4,5.8,3.6,842,37.306,2307,7,4.2,4.2,3.6,0.6,0.6,-0.0160
MO2606-P-7300,5.2,7.6,4.4,1053,61.108,2271,11,5.4,5.4,4.2,1.2,1.2,-0.0210
MO2606-P-7400,6.4,10,5.6,2097,156.576,4664,-69,6.8,6.8,5.2,1.6,1.6,-0.0270
MO2606-P-7500,9,14,8.4,2385,250.938,4974,59,9.4,9.4,7.6,1.8,1.8,-0.0360
MO2606-P-7600,12.2,19.8,11.4,3073,470.764,6136,306,13.4,13.4,10.6,2.8,2.8,-0.0500
MO2606-P-7700,17,28,16.2,3641,789.894,4938,197,19,19,15,4,4,-0.0680
MO2606-P-7800,22,38.8,22,4224,1292.732,5701,14,27.2,27.2,21,6.2,6.2,-0.0930
MO2606-P-7900,32,53.4,32,5256,2245.448,4561,151,38.6,38.6,30,8.6,8.6,-0.1250
MO2606-P-8000,45.2,71.8,43,15654,9059.146,12226,312,51,51,40.8,10.2,10.2,-0.1600
MO2606-P-8100,55.8,92.4,55.8,6028,4497.46,4683,155,66.4,66.4,53.2,13.2,13.2,-0.2010
MO2606-P-8200,72.8,118.8,72.8,10240,10005.162,6961,497,85.4,85.4,69,16.4,16.4,-0.2500
MO2606-P-8300,96.2,152.4,96.2,11871,14887.178,4842,-370,112,112,90,22,22,-0.3100
MO2606-P-8400,115,192.2,115,12737,20238.35,5339,75,142,142,115,27,27,-0.3770
MO2606-P-8500,155,239.8,155,19405,38798.59,5223,-455,181.2,181.2,147.6,33.6,33.6,-0.4510
MO2606-P-8600,199,294.6,199,20494,50849.78,7249,509,225,225,187.8,37.2,37.2,-0.5310
MO2606-P-8700,246.6,357,245,13229,39545.684,6735,-432,280,280,235,45,45,-0.6120
MO2606-P-8800,293.6,428.6,293.6,5241,19018.878,4805,-102,341.8,341.8,293.4,48.4,48.4,-0.6930
MO2606-P-8900,370,504,357.6,2031,8779.268,1435,44,409.2,409.2,354,55.2,55.2,-0.7730
MO2606-P-9000,458,585.6,449.2,1615,8159.632,2275,227,486.2,483.8,421,65.2,62.8,-0.8500
MO2606-P-9100,544.4,666.8,543,210,1229.954,417,18,559.4,559.4,498.8,60.6,60.6,-0.9470
MO2606-P-9200,615,741.2,610,161,1058.85,511,23,650,690.2,571.6,78.4,118.6,-0.8620
MO2606-P-9300,705.8,833.8,699.4,156,1166.786,152,19,744.4,781,663.6,80.8,117.4,-0.8910
MO2606-P-9400,799.6,927.2,799.6,142,1210.608,238,37,836,874.2,751.8,84.2,122.4,-0.9140
MO2606-P-9500,878,1040.4,878,254,2431.506,248,37,935.6,969.2,843.6,92,125.6,-0.9310
MO2606-P-9600,968,1118.8,968,137,1420.694,290,23,1020.6,1065.4,938,82.6,127.4,-0.9450
MO2606-P-9700,1083.6,1218,1083.6,127,1462.414,151,15,1153.2,1162.6,1033.2,120,129.4,-0.9550
MO2606-P-9800,1179.4,1308,1179.4,103,1280.7,140,7,1234.6,1260.6,1128,106.6,132.6,-0.9620
MO2606-P-9900,1272.4,1412.4,1272.4,107,1437.976,158,4,1315,1359.2,1233.4,81.6,125.8,-0.9680
MO2607-C-7400,1140.6,1148.4,1089.2,34,398.614,87,-5,1148.4,1167.6,1241.8,-93.4,-74.2,0.8500
MO2607-C-7500,1106.6,1110.2,983.8,83,883.562,63,12,1044,1075.8,1151,-107,-75.2,0.8350
MO2607-C-7600,1011.4,1011.4,904.6,70,704.712,41,0,954,988.8,1072.2,-118.2,-83.4,0.8150
MO2607-C-7700,906.6,906.6,828.6,24,215.664,60,2,867.4,903,973.8,-106.4,-70.8,0.7940
MO2607-C-7800,844.6,844.6,760.2,8,67.14,168,0,760.2,820.4,897.2,-137,-76.8,0.7680
MO2607-C-7900,759,759,645.6,23,160.162,300,8,677.6,740.4,805,-127.4,-64.6,0.7400
MO2607-C-8000,678.4,678.4,588,91,578.92,145,8,654.4,663.2,726.8,-72.4,-63.6,0.7090
MO2607-C-8100,617.4,617.4,520.6,167,975.4,133,52,585,598.2,648,-63,-49.8,0.6710
MO2607-C-8200,546,550.2,444,391,1943.902,660,21,514.6,521,576,-61.4,-55,0.6360
MO2607-C-8300,479.2,488,394.8,674,2946.118,458,-1,451.8,462,516.8,-65,-54.8,0.5950
MO2607-C-8400,412,425.4,332.8,288,1115.884,503,7,394.4,398.8,454.6,-60.2,-55.8,0.5530
MO2607-C-8500,362.6,370.4,289.4,580,1915.624,687,6,349,349,390.4,-41.4,-41.4,0.5090
MO2607-C-8600,307.4,317.6,245.6,824,2348.914,958,142,299.4,299.4,339.2,-39.8,-39.8,0.4640
MO2607-C-8700,267,284,207.6,1567,3799.648,3689,429,258,258.4,294.8,-36.8,-36.4,0.4210
MO2607-C-8800,228.8,234.8,175.6,472,993.32,796,27,219.2,219.2,250.2,-31,-31,0.3780
MO2607-C-8900,194,194,148.2,426,759.592,412,8,182.8,182.8,213.2,-30.4,-30.4,0.3350
MO2607-C-9000,175.2,175.2,124.6,2246,3336.696,3131,630,158,158,182.8,-24.8,-24.8,0.2980
MO2607-C-9100,137,141,104.8,433,542.688,309,54,130,130,151.8,-21.8,-21.8,0.2600
MO2607-C-9200,114.6,117.6,86.2,401,407.714,551,-5,110,110,126.6,-16.6,-16.6,0.2280
MO2607-C-9300,91.8,97.6,71.8,691,609.192,505,5,91,91,108.2,-17.2,-17.2,0.1970
MO2607-C-9400,78,82.8,60.4,404,281.248,407,35,74.8,74.8,87.6,-12.8,-12.8,0.1690
MO2607-C-9500,74,74,49.2,589,347.396,576,82,62.2,62.2,74.4,-12.2,-12.2,0.1450
MO2607-C-9600,31,57.2,31,428,204.156,587,127,50.6,50.8,59.6,-9,-8.8,0.1230
MO2607-C-9700,44.8,46.6,33,299,119.5,559,47,42,41.8,49,-7,-7.2,0.1040
MO2607-C-9800,37.2,39.2,27.4,369,124.434,647,50,35,35,40.6,-5.6,-5.6,0.0890
MO2607-C-9900,31.2,33.4,23,1012,291.814,1221,159,28.2,29.2,34.2,-6,-5,0.0760
MO2607-P-7400,41.6,54.4,41,1028,487.568,1889,118,42.8,42.8,38.8,4,4,-0.0950
MO2607-P-7500,52,67.8,49.8,324,191.498,708,42,52.8,52.8,47.4,5.4,5.4,-0.1150
MO2607-P-7600,64,82.6,62,310,223.86,1147,-10,63.6,65.4,57.4,6.2,8,-0.1380
MO2607-P-7700,76.4,99.6,73.2,298,259.962,1155,57,81.6,78.6,69,12.6,9.6,-0.1630
MO2607-P-7800,92.4,120,90.2,659,691.006,2057,57,97.4,97.4,85.6,11.8,11.8,-0.1940
MO2607-P-7900,103.6,143.6,103.6,447,560.194,852,-8,116.8,116.8,102.4,14.4,14.4,-0.2260
MO2607-P-8000,130,171.4,127,903,1344.78,1177,-64,139.4,139.4,122.2,17.2,17.2,-0.2620
MO2607-P-8100,157.2,205,153,859,1544.378,649,15,166.2,166.2,142.6,23.6,23.6,-0.3020
MO2607-P-8200,188.8,241,180.8,884,1827.852,827,20,195,195,173.8,21.2,21.2,-0.3450
MO2607-P-8300,218,283.4,215.6,530,1311.164,853,38,231,231,201.4,29.6,29.6,-0.3930
MO2607-P-8400,260,330,253.8,480,1404.018,702,-2,272.8,272.8,239.2,33.6,33.6,-0.4430
MO2607-P-8500,304.4,380.8,298.4,664,2266.186,585,46,323.8,323.8,279.6,44.2,44.2,-0.4940
MO2607-P-8600,350.2,440,348.2,766,3028.748,939,176,376.8,376.8,334.4,42.4,42.4,-0.5450
MO2607-P-8700,406.2,503.6,403.6,581,2612.57,775,88,431,431,380.2,50.8,50.8,-0.5970
MO2607-P-8800,464.6,571.4,464.6,446,2272.884,515,-101,497.2,489.6,434.8,62.4,54.8,-0.6500
MO2607-P-8900,527.8,626.8,527.8,74,427.98,141,4,579.2,554.8,504,75.2,50.8,-0.7010
MO2607-P-9000,607.6,714.6,607.6,164,1071.434,250,40,634,625.8,569,65,56.8,-0.7490
MO2607-P-9100,670.4,745.4,670.4,42,296.772,81,17,745.4,700,640,105.4,60,-0.7960
MO2607-P-9200,752,810.4,752,17,132.086,43,15,808,778.8,715.4,92.6,63.4,-0.8390
MO2607-P-9300,864,945.8,864,47,415.138,42,19,907.4,859.2,793.2,114.2,66,-0.8820
MO2607-P-9400,949.6,1024.6,946.2,65,623.632,52,25,949.2,944.6,876,73.2,68.6,-0.9200
MO2607-P-9500,1074,1112.8,1036.2,41,430.586,65,21,1036.2,1035.4,960.8,75.4,74.6,-0.9480
MO2607-P-9600,1145.6,1194.6,1140.2,24,268.512,47,6,1140.2,1175.8,1046.8,93.4,129,-0.8730
MO2607-P-9700,1196.8,1295.6,1196.8,32,390.772,36,16,1246.8,1268,1138.2,108.6,129.8,-0.8890
MO2607-P-9800,1279.2,1359.2,1279.2,37,481.772,65,19,1324,1361.4,1229.6,94.4,131.8,-0.9030
MO2607-P-9900,1369.8,1502.8,1355.2,83,1142.108,47,10,1502.8,1456,1322.2,180.6,133.8,-0.9150
MO2608-C-7600,988.8,1010.2,977,12,120.15,10,10,977,1015.6,1072.6,-95.6,-57,0.7450
MO2608-C-7700,null,null,null,0,0,1,0,944.8,931.6,994.8,-50,-63.2,0.7250
MO2608-C-7800,null,null,null,0,0,20,0,797.4,854.6,915.2,-117.8,-60.6,0.7020
MO2608-C-7900,753.8,753.8,745.4,3,23.392,102,-1,745.4,780.8,840,-94.6,-59.2,0.6760
MO2608-C-8000,null,null,null,0,0,13,0,744,710.2,765.6,-21.6,-55.4,0.6480
MO2608-C-8100,628.8,628.8,573,17,107.928,13,2,593.2,643.4,696,-102.8,-52.6,0.6190
MO2608-C-8200,535.4,555.4,513.8,30,166.796,43,13,531.8,580,628.4,-96.6,-48.4,0.5880
MO2608-C-8300,512.8,522,471.2,36,181.14,35,15,505,519.8,566,-61,-46.2,0.5550
MO2608-C-8400,479.8,482.6,410,32,145.032,44,11,430,465.4,508.4,-78.4,-43,0.5220
MO2608-C-8500,421.8,421.8,364,49,195.822,110,7,407.8,414.2,453.2,-45.4,-39,0.4880
MO2608-C-8600,373.2,373.2,316.2,74,261.762,188,51,362.2,367.4,402.8,-40.6,-35.4,0.4530
MO2608-C-8700,329.8,329.8,282.6,37,118.094,139,14,326.6,326.6,356.4,-29.8,-29.8,0.4200
MO2608-C-8800,296,296,246.8,64,175.114,103,22,284.2,286.4,314.8,-30.6,-28.4,0.3860
MO2608-C-8900,255.2,255.2,223.8,55,136.954,105,8,252.2,254.2,275.2,-23,-21,0.3550
MO2608-C-9000,224.4,224.4,190.4,133,283.416,204,59,222.2,221.6,243.8,-21.6,-22.2,0.3230
MO2608-C-9100,196.2,196.2,173.4,100,187.402,156,59,195,194.8,214.2,-19.2,-19.4,0.2930
MO2608-C-9200,167,173.2,149.8,87,148.414,38,-9,166.8,170.8,188.4,-21.6,-17.6,0.2660
MO2608-C-9300,144.6,152.6,132.4,51,72.23,50,20,152.6,152.6,165.8,-13.2,-13.2,0.2420
MO2608-C-9400,154.2,154.2,111.8,41,53.426,73,-1,123.8,132.2,149.6,-25.8,-17.4,0.2180
MO2608-C-9500,119.8,121,101,58,66.948,125,3,116.8,116.8,131.2,-14.4,-14.4,0.1970
MO2608-C-9600,102.6,110.2,86.4,152,147.528,158,-23,101.2,104,114.6,-13.4,-10.6,0.1780
MO2608-C-9700,92.2,92.4,76.8,246,213.944,129,7,91.2,91.2,101,-9.8,-9.8,0.1600
MO2608-P-7600,138.4,168,137.8,315,484.202,260,94,148.8,144.6,131.4,17.4,13.2,-0.2110
MO2608-P-7700,160.4,186.8,157.2,66,110.646,48,14,174.4,165,151.8,22.6,13.2,-0.2370
MO2608-P-7800,180.8,209.4,180.2,102,195.332,287,-2,190,190,168.6,21.4,21.4,-0.2660
MO2608-P-7900,204,240.6,204,61,133.114,60,-14,218.6,215,192.2,26.4,22.8,-0.2970
MO2608-P-8000,224.8,282,224.8,88,226.616,90,9,243.8,243.8,221,22.8,22.8,-0.3290
MO2608-P-8100,272.4,315,272.4,56,155.934,54,0,280,274.2,251.4,28.6,22.8,-0.3640
MO2608-P-8200,300,355.4,300,79,255.144,69,0,313.2,310.4,282.4,30.8,28,-0.4010
MO2608-P-8300,345,396.4,345,34,125.682,77,14,353.4,350.6,319.2,34.2,31.4,-0.4400
MO2608-P-8400,390,444.2,389.8,33,138.064,103,15,430.4,394.6,359.6,70.8,35,-0.4810
MO2608-P-8500,430,498.2,424.6,69,316.578,148,1,449.8,443,404.2,45.6,38.8,-0.5230
MO2608-P-8600,476.6,564.8,476.6,127,647.54,244,1,493.4,493.4,452.4,41,41,-0.5650
MO2608-P-8700,536.4,620.6,536.4,78,441.442,132,11,562,552.4,503.8,58.2,48.6,-0.6070
MO2608-P-8800,626.2,685,616.4,69,435.716,90,-15,617.4,613.4,564.2,53.2,49.2,-0.6490
MO2608-P-8900,667.8,708.4,667.8,17,115.11,117,1,699.2,678.4,626.4,72.8,52,-0.6900
MO2608-P-9000,776,822,753,19,145.69,224,2,809.8,747.2,693,116.8,54.2,-0.7310
MO2608-P-9100,852,876.4,823,19,156.502,344,-2,823,823,762.2,60.8,60.8,-0.7660
MO2608-P-9200,893.8,893.8,893.8,2,17.876,9,0,893.8,893.8,836,57.8,57.8,-0.8080
MO2608-P-9300,1050,1050,1044.4,5,51.008,6,1,1044.4,973.8,912,132.4,61.8,-0.8420
MO2608-P-9400,null,null,null,0,0,2,0,982.6,1059,992.2,-9.6,66.8,-0.8710
MO2608-P-9500,null,null,null,0,0,2,0,983,1138.8,1076.6,-93.6,62.2,-0.9100
MO2608-P-9600,null,null,null,0,0,5,0,1214.4,1224.8,1160.8,53.6,64,-0.9440
MO2608-P-9700,null,null,null,0,0,1,0,1248.2,1312.4,1247.6,0.6,64.8,-0.9820
MO2609-C-10000,85.4,89.8,78,431,364.65,757,84,88,88,94.2,-6.2,-6.2,0.1400
MO2609-C-6200,2175.4,2181,2129.6,5,109.358,341,-1,2178.6,2198.2,2271.2,-92.6,-73,0.9060
MO2609-C-6400,null,null,null,0,0,213,0,2013.2,1949,2088.6,-75.4,-139.6,0.9350
MO2609-C-6600,1828,1828,1755.4,7,126.762,358,-2,1755.4,1762,1898.2,-142.8,-136.2,0.9180
MO2609-C-6800,1660,1660,1660,1,16.6,366,0,1660,1641.2,1714.4,-54.4,-73.2,0.8570
MO2609-C-7000,1454.6,1454.6,1405,10,146.154,932,-2,1418,1464.6,1538.8,-120.8,-74.2,0.8320
MO2609-C-7200,1293,1293,1293,1,12.93,762,0,1293,1296,1365.6,-72.6,-69.6,0.8010
MO2609-C-7400,1104.8,1130,1052.8,14,150.566,706,-3,1130,1132.4,1195.6,-65.6,-63.2,0.7660
MO2609-C-7600,996.6,996.6,890.4,36,338.776,1034,5,913.4,976,1040.8,-127.4,-64.8,0.7240
MO2609-C-7800,860,863.8,755,63,511.604,1031,2,830.2,827.8,900.4,-70.2,-72.6,0.6770
MO2609-C-8000,726,733.2,633.8,392,2673.722,1814,135,711,711,763.6,-52.6,-52.6,0.6210
MO2609-C-8200,603.8,608.4,523.2,425,2392.876,1569,41,594.2,594.2,632,-37.8,-37.8,0.5640
MO2609-C-8400,495.2,501.2,430.4,499,2345.234,2020,109,488,489,528,-40,-39,0.5040
MO2609-C-8600,404.8,410,349.6,679,2587.514,2316,109,399.6,395.8,431.2,-31.6,-35.4,0.4440
MO2609-C-8800,334.4,336.2,284.2,815,2515.098,1503,84,325,325,351.4,-26.4,-26.4,0.3870
MO2609-C-9000,263.4,271.8,231,489,1229.672,2285,133,261.8,261.4,283.6,-21.8,-22.2,0.3320
MO2609-C-9200,210,213,184.4,278,558.214,1242,-1,211.6,209,226,-14.4,-17,0.2820
MO2609-C-9400,166.8,172.6,149,465,750.59,1156,88,168.6,168.6,181,-12.4,-12.4,0.2380
MO2609-C-9600,138.6,138.8,120,704,911.888,2066,119,136,136,146,-10,-10,0.2000
MO2609-C-9800,104.2,111.8,97,312,326.352,763,13,110.2,110.2,116,-5.8,-5.8,0.1680
MO2609-P-10000,1679.6,1765.2,1679.6,32,548.162,46,1,1695,1695,1620.4,74.6,74.6,-0.9460
MO2609-P-6200,32,34.6,30.6,154,49.96,1369,-6,32.8,32.6,31.4,1.4,1.2,-0.0470
MO2609-P-6400,40,44.6,39.4,101,43.408,801,14,41.2,41.2,39.4,1.8,1.8,-0.0600
MO2609-P-6600,54.8,58.8,51.4,88,48.394,775,-7,53.6,53.6,50.8,2.8,2.8,-0.0770
MO2609-P-6800,70,77.4,69.4,157,113.968,1091,57,73.8,73.8,66,7.8,7.8,-0.1020
MO2609-P-7000,90,102.2,88,213,204.468,1408,27,94.4,94.2,85.8,8.6,8.4,-0.1280
MO2609-P-7200,119.2,136.4,116.6,192,243.078,1537,-12,123.4,122.2,111.8,11.6,10.4,-0.1620
MO2609-P-7400,153.2,178,150.2,357,586.968,1552,53,159.8,159.8,142.6,17.2,17.2,-0.2030
MO2609-P-7600,192,230,191.6,612,1299.72,1995,50,204.8,203.2,187,17.8,16.2,-0.2500
MO2609-P-7800,250,292.2,248,246,665.264,1455,36,259.2,259.2,235.4,23.8,23.8,-0.3050
MO2609-P-8000,315,370.4,314,309,1065.014,1364,72,330.2,330.2,298,32.2,32.2,-0.3660
MO2609-P-8200,387.8,455.8,387.8,232,983.186,760,27,408.8,408.8,373.2,35.6,35.6,-0.4310
MO2609-P-8400,485.6,564.4,485,374,1951.554,1030,45,506.8,506.8,466.4,40.4,40.4,-0.4990
MO2609-P-8600,595.6,684,592.6,398,2567.056,1022,136,616.8,616.8,565.4,51.4,51.4,-0.5670
MO2609-P-8800,722.4,818.2,722.4,102,765.95,774,35,738,738,683.6,54.4,54.4,-0.6350
MO2609-P-9000,881.2,940,876.2,16,145.832,361,3,940,876.8,816,124,60.8,-0.6980
MO2609-P-9200,1046.2,1115.2,1046.2,6,63.892,196,3,1115.2,1024.4,957.8,157.4,66.6,-0.7570
MO2609-P-9400,1201.8,1279.6,1195.2,34,418.836,203,16,1198.2,1179.2,1114.4,83.8,64.8,-0.8130
MO2609-P-9600,1344,1351.2,1344,12,161.424,188,9,1351.2,1344,1276.2,75,67.8,-0.8620
MO2609-P-9800,null,null,null,0,0,20,0,1483.2,1516.6,1443.6,39.6,73,-0.9060
MO2612-C-10000,155,155,137.6,355,510.252,405,6,150.6,151.4,157.2,-6.6,-5.8,0.1810
MO2612-C-6400,1903.4,1912.6,1828,18,339.072,369,-6,1863,1886.2,1951.4,-88.4,-65.2,0.8440
MO2612-C-6600,null,null,null,0,0,106,0,1734,1719.2,1785.2,-51.2,-66,0.8200
MO2612-C-6800,null,null,null,0,0,128,0,1570,1559.4,1623.2,-53.2,-63.8,0.7920
MO2612-C-7000,1400,1400,1352.4,2,27.524,697,2,1352.4,1404.6,1467.4,-115,-62.8,0.7620
MO2612-C-7200,1228,1252,1211,4,50.086,795,1,1252,1252,1317.6,-65.6,-65.6,0.7290
MO2612-C-7400,1140,1140,1080.2,12,130.536,724,-9,1080.2,1115.8,1171.8,-91.6,-56,0.6910
MO2612-C-7600,983.8,983.8,919.8,9,85.62,984,4,919.8,982,1036.2,-116.4,-54.2,0.6520
MO2612-C-7800,869,869,807.8,55,463.352,980,3,860,860,916.8,-56.8,-56.8,0.6090
MO2612-C-8000,764.4,773.6,695,172,1260.018,1142,67,740.6,749.8,795.8,-55.2,-46,0.5650
MO2612-C-8200,661.8,670.2,600.6,35,227.848,1365,5,655.8,649.2,691.4,-35.6,-42.2,0.5190
MO2612-C-8400,569.8,575.8,515.4,79,426.842,811,7,562.6,562.6,595,-32.4,-32.4,0.4740
MO2612-C-8600,483.6,489.2,438,51,237.276,901,12,478.2,480.2,511.2,-33,-31,0.4290
MO2612-C-8800,393,408.4,381.4,17,69.762,589,1,408.4,409.4,440.2,-31.8,-30.8,0.3850
MO2612-C-9000,354,354,322.4,29,98.308,680,12,352,352,373,-21,-21,0.3450
MO2612-C-9200,300,306.2,269,76,217.668,733,32,296,296,313.6,-17.6,-17.6,0.3050
MO2612-C-9400,256.4,256.4,227,58,139.932,1080,3,249.6,252.2,264.6,-15,-12.4,0.2700
MO2612-C-9600,214.6,217.6,194.8,183,374.174,1559,1,212,212,222.6,-10.6,-10.6,0.2370
MO2612-C-9800,177,181,163.2,119,205.82,454,18,179.6,179.6,189.4,-9.8,-9.8,0.2080
MO2612-P-10000,1957,2029.6,1955.2,8,159.642,68,8,2029.6,1924.6,1854.8,174.8,69.8,-0.8940
MO2612-P-6400,108.2,116.8,103.8,318,350.574,1705,-24,107.4,107.4,101,6.4,6.4,-0.1140
MO2612-P-6600,137.6,151.6,133.2,131,186.922,1080,-6,138.8,138.8,132,6.8,6.8,-0.1410
MO2612-P-6800,172.8,191.6,170.8,157,284.526,723,-29,175.6,175.6,164,11.6,11.6,-0.1720
MO2612-P-7000,210,236,210,105,236.17,756,19,218.8,218.8,204.8,14,14,-0.2060
MO2612-P-7200,264,286.8,259.6,23,62.876,909,-7,272.2,266.8,250,22.2,16.8,-0.2440
MO2612-P-7400,317.6,355,317,134,449.372,1159,6,327.6,327.6,304,23.6,23.6,-0.2860
MO2612-P-7600,381.4,423,381.4,38,153.734,851,16,394.2,394.2,366,28.2,28.2,-0.3310
MO2612-P-7800,471,495.2,468.4,44,209.558,826,24,474.4,469.4,438.6,35.8,30.8,-0.3790
MO2612-P-8000,541.2,598.8,541.2,61,351.486,941,8,561.6,557.4,522.6,39,34.8,-0.4290
MO2612-P-8200,656.8,701,653.8,43,287.83,1196,4,658,651.8,620.6,37.4,31.2,-0.4810
MO2612-P-8400,742,782,742,70,534.51,446,-3,769.4,758.4,717.4,52,41,-0.5330
MO2612-P-8600,881.8,935.8,877.2,41,368.7,369,-3,884.6,876,830.8,53.8,45.2,-0.5850
MO2612-P-8800,984,1073,984,58,601.29,477,7,1019.8,1008,944.4,75.4,63.6,-0.6330
MO2612-P-9000,1149.2,1174.4,1144.8,30,342.864,402,8,1174.4,1126.2,1088.6,85.8,37.6,-0.6900
MO2612-P-9200,1293.2,1359,1293,38,495.418,412,26,1302.8,1285.8,1237.6,65.2,48.2,-0.7290
MO2612-P-9400,1446.2,1524.6,1446.2,5,74.374,107,2,1524.6,1433.6,1372.6,152,61,-0.7750
MO2612-P-9600,1616.4,1677.6,1603.6,23,376.096,372,16,1611,1594,1527,84,67,-0.8150
MO2612-P-9800,1774.8,1778.8,1770.4,4,70.968,47,4,1772.8,1758.2,1690.2,82.6,68,-0.8540
MO2703-C-10000,212.8,215,191.4,571,1153.088,585,73,210,210,220.4,-10.4,-10.4,0.2090
MO2703-C-6600,1663.2,1663.2,1580,3,48.79,172,3,1580,1658.8,1714,-134,-55.2,0.7660
MO2703-C-6800,1491.2,1509.8,1491.2,6,90.254,56,6,1509.8,1509.4,1566.4,-56.6,-57,0.7380
MO2703-C-7000,1402.8,1402.8,1313,17,231.292,331,6,1382.6,1382.6,1421.8,-39.2,-39.2,0.7060
MO2703-C-7200,1249.4,1249.4,1171.6,7,83.612,295,3,1179,1237.6,1287.4,-108.4,-49.8,0.6750
MO2703-C-7400,1072.6,1092.4,1072.6,2,21.65,158,0,1092.4,1112.4,1160.4,-68,-48,0.6410
MO2703-C-7600,1014,1014,934.4,19,187.04,306,1,975.6,1007.4,1045,-69.4,-37.6,0.6050
MO2703-C-7800,902.4,902.4,843.2,9,78.55,329,0,892.4,890.2,934,-41.6,-43.8,0.5680
MO2703-C-8000,817,817,737.4,48,368.192,397,-9,798.4,798.4,842.2,-43.8,-43.8,0.5310
MO2703-C-8200,695.8,695.8,657.4,12,81.756,253,-2,664,701.8,740.4,-76.4,-38.6,0.4930
MO2703-C-8400,631.6,631.6,583.2,17,102.932,369,3,620.4,620,650.8,-30.4,-30.8,0.4560
MO2703-C-8600,534.2,543.4,508.8,108,563.208,520,69,543.4,543.4,577.8,-34.4,-34.4,0.4190
MO2703-C-8800,474.2,486.4,446,49,228.252,314,29,481,481.4,507.8,-26.8,-26.4,0.3850
MO2703-C-9000,430,430,393.4,14,58.862,124,4,418.2,420.2,450.6,-32.4,-30.4,0.3500
MO2703-C-9200,362,362,351.4,2,7.134,172,0,351.4,367.4,388.2,-36.8,-20.8,0.3180
MO2703-C-9400,322.4,323.4,306.8,33,107.004,259,-6,323.4,319.8,337.6,-14.2,-17.8,0.2880
MO2703-C-9600,285.2,285.2,257.8,46,126.844,267,-6,282.4,278.4,293,-10.6,-14.6,0.2590
MO2703-C-9800,246,248.8,223.2,380,887.882,509,-71,242.8,243,257.8,-15,-14.8,0.2330
MO2703-P-10000,2068.6,2181.6,2068.6,4,83.94,12,2,2181.6,2121.2,2054,127.6,67.2,-0.8900
MO2703-P-6600,221.2,246.4,218.8,537,1265.692,1285,46,229.8,229.8,214.2,15.6,15.6,-0.1910
MO2703-P-6800,284.6,297.8,278.4,189,546.176,482,29,279.6,279.6,262.2,17.4,17.4,-0.2240
MO2703-P-7000,337.2,358,333.6,52,179.142,439,36,337.8,337.8,317.2,20.6,20.6,-0.2600
MO2703-P-7200,396.4,427,396.4,33,134.5,510,30,397.2,397.2,381.6,15.6,15.6,-0.2980
MO2703-P-7400,472.6,498.8,468.2,14,68.036,285,3,468.2,468.2,449.4,18.8,18.8,-0.3380
MO2703-P-7600,558.8,594,554,39,224.178,292,19,554,554,526.4,27.6,27.6,-0.3810
MO2703-P-7800,633.6,671.8,633.6,39,259.178,353,16,651.2,644.6,611.6,39.6,33,-0.4250
MO2703-P-8000,761,783.8,741,49,372.608,461,9,744.8,744.8,714.6,30.2,30.2,-0.4690
MO2703-P-8200,850,913.8,842.2,18,156.282,356,-2,842.2,842.2,810.2,32,32,-0.5160
MO2703-P-8400,951.6,1017.8,951.6,38,373.806,351,12,971.8,966.2,922.2,49.6,44,-0.5590
MO2703-P-8600,1088.2,1144.4,1088.2,28,307.212,344,2,1131.6,1084,1040.4,91.2,43.6,-0.6050
MO2703-P-8800,1211.2,1274.8,1207.8,18,222.774,315,1,1207.8,1207.8,1183.8,24,24,-0.6510
MO2703-P-9000,1355.2,1355.2,1355.2,2,26.524,61,-1,1355.2,1352.6,1297.2,58,55.4,-0.6910
MO2703-P-9200,null,null,null,0,0,31,0,1463.2,1490.4,1437.4,25.8,53,-0.7350
MO2703-P-9400,1673,1719.4,1644.2,18,296.352,45,3,1644.2,1642.6,1583.6,60.6,59,-0.7740
MO2703-P-9600,1835,1835,1835,1,18.35,26,1,1835,1796.6,1737.2,97.8,59.4,-0.8140
MO2703-P-9800,null,null,null,0,0,34,0,1991.8,1954.8,1895.8,96,59,-0.8540
小计,,,,341662,588534.438,371972,15028,,,,,,--
T2606,108.95,109.015,108.935,84321,9189126.215,63100,-41262,108.99,108.995,108.96,0.03,0.035,--
T2609,108.825,108.91,108.825,133837,14570858.82,307661,41684,108.855,108.87,108.84,0.015,0.03,--
T2612,108.74,108.815,108.74,2131,231831.07,10110,1143,108.775,108.795,108.74,0.035,0.055,--
小计,,,,220289,23991816.105,380871,1565,,,,,,--
TF2606,106.44,106.49,106.435,87116,9274524.74,51496,-32760,106.465,106.475,106.45,0.015,0.025,--
TF2609,106.18,106.245,106.18,92248,9798759.01,196099,22695,106.225,106.23,106.2,0.025,0.03,--
TF2612,106.11,106.185,106.11,1038,110193.15,4694,363,106.165,106.16,106.115,0.05,0.045,--
小计,,,,180402,19183476.9,252289,-9702,,,,,,--
TL2606,113.41,113.92,113.41,28093,3193666.63,31478,-10074,113.77,113.86,113.52,0.25,0.34,--
TL2609,113.22,113.65,113.19,98740,11199566.18,166945,16247,113.47,113.55,113.26,0.21,0.29,--
TL2612,113.21,113.63,113.19,3229,366147.32,10188,1447,113.44,113.55,113.24,0.2,0.31,--
小计,,,,130062,14759380.13,208611,7620,,,,,,--
TS2606,102.64,102.654,102.63,27720,5690408.884,17182,-14856,102.64,102.644,102.644,-0.004,0,--
TS2609,102.612,102.632,102.598,52686,10813075.708,71643,12028,102.616,102.616,102.598,0.018,0.018,--
TS2612,102.572,102.572,102.56,268,54976.704,1784,41,102.564,102.566,102.546,0.018,0.02,--
小计,,,,80674,16558461.296,90609,-2787,,,,,,--
合计,,,,1708237,173096582.549,2647570,32727,,,,,,--
